group,model,n,swap_consistency_rate,ci_lower,ci_upper
overall,anthropic/claude-sonnet-4.6,37,0.8918918918918919,0.7837837837837838,0.972972972972973
lang=de,anthropic/claude-sonnet-4.6,17,0.8235294117647058,0.6470588235294118,1.0
lang=fr,anthropic/claude-sonnet-4.6,14,0.9285714285714286,0.7857142857142857,1.0
lang=ru,anthropic/claude-sonnet-4.6,6,1.0,1.0,1.0
