group,model,n,swap_consistency_rate,ci_lower,ci_upper
overall,openai/gpt-5.4,45,0.8888888888888888,0.7777777777777778,0.9777777777777777
lang=de,openai/gpt-5.4,19,0.8421052631578947,0.6842105263157895,1.0
lang=fr,openai/gpt-5.4,16,0.9375,0.8125,1.0
lang=ru,openai/gpt-5.4,10,0.9,0.7,1.0
