group,model,n,swap_consistency_rate,ci_lower,ci_upper
overall,deepseek/deepseek-v3.2,45,0.7777777777777778,0.6444444444444445,0.8888888888888888
lang=de,deepseek/deepseek-v3.2,19,0.7894736842105263,0.5789473684210527,0.9473684210526315
lang=fr,deepseek/deepseek-v3.2,16,0.875,0.6875,1.0
lang=ru,deepseek/deepseek-v3.2,10,0.6,0.3,0.9
