model,n,agreement_rate,ci_lower,ci_upper,binom_pvalue
openai/gpt-5.4,99,0.8888888888888888,0.8282828282828283,0.9494949494949495,2.2647899892332385e-16
